author,subreddit,maxcount,topic
AttackingHobo,gaming,56,235
Cleydwn,reddit.com,31,235
EmptyTon,WTF,6,235
FlimtotheFlam,AskReddit,4,122
NitsujTPU,videos,15,235
alphabeat,AskReddit,120,122
bdfortin,AskReddit,51,122
dougbdl,politics,28,210
exoplasm,gaming,35,235
haywire9000,AskReddit,38,122
ibisum,AskReddit,25,122
ih8registrations,reddit.com,19,235
mindblast,WTF,13,235
neoform3,atheism,28,210
osmosisgenius,politics,182,210
plain-simple-garak,programming,58,239
tdehnel,reddit.com,33,235
tomek77,MensRights,67,210
